Route,City,St.,Zip,Businesses,Residential,Apartments,Single Family Homes,PO Box,Total Count,Average Household Income,Household Size,Average Age,Average Length of Residence,Homeowner %,,
32779-R007,LONGWOOD,FL,32779,15,502,17,485,0,"1,019","247,085",3,54,15,98,,124036670
32779-R008,LONGWOOD,FL,32779,2,528,46,482,0,"1,058","240,347",3.6,58,15,97,,
32746-C024,LAKE MARY,FL,32746,31,498,141,357,0,"1,027","239,633",3,54,10,99,,
32746-C003,LAKE MARY,FL,32746,13,366,58,308,0,745,"222,641",3.2,54,12,99,,
32746-C026,LAKE MARY,FL,32746,1,516,91,425,0,"1,033","189,547",2.6,54,15,93,,
32779-R011,LONGWOOD,FL,32779,1,181,0,181,0,363,"186,764",3.5,56,15,96,,
32779-C019,LONGWOOD,FL,32779,280,165,0,165,0,610,"167,999",3.3,52,15,93,,
32779-C005,LONGWOOD,FL,32779,3,694,70,624,0,"1,391","124,729",2.1,58,15,89,,
32779-R015,LONGWOOD,FL,32779,1,484,0,484,0,969,,3.4,54,14,99,,
32746-C029,LAKE MARY,FL,32746,2,459,0,459,0,920,,3.2,52,15,97,,